Tracking_ID,Shipment_ID,Event_Date,Status
TRK00001,SHP0001,02-Apr-2026,Picked Up
TRK00002,SHP0001,03-Apr-2026,In Transit
TRK00003,SHP0001,04-Apr-2026,At Destination Hub
TRK00004,SHP0001,05-Apr-2026,Out for Delivery
TRK00005,SHP0001,05-Apr-2026,Delivered
TRK00006,SHP0002,03-Apr-2026,Picked Up
TRK00007,SHP0002,04-Apr-2026,In Transit
TRK00008,SHP0002,05-Apr-2026,At Destination Hub
TRK00009,SHP0002,06-Apr-2026,Out for Delivery
TRK00010,SHP0002,06-Apr-2026,Delivered
TRK00011,SHP0003,04-Apr-2026,Picked Up
TRK00012,SHP0003,05-Apr-2026,In Transit
TRK00013,SHP0003,06-Apr-2026,At Destination Hub
TRK00014,SHP0003,07-Apr-2026,Out for Delivery
TRK00015,SHP0003,07-Apr-2026,Delivered
TRK00016,SHP0004,05-Apr-2026,Picked Up
TRK00017,SHP0004,06-Apr-2026,In Transit
TRK00018,SHP0004,07-Apr-2026,At Destination Hub
TRK00019,SHP0004,08-Apr-2026,Out for Delivery
TRK00020,SHP0004,08-Apr-2026,Delivered
TRK00021,SHP0005,06-Apr-2026,Picked Up
TRK00022,SHP0005,07-Apr-2026,In Transit
TRK00023,SHP0005,08-Apr-2026,At Destination Hub
TRK00024,SHP0005,09-Apr-2026,Out for Delivery
TRK00025,SHP0005,09-Apr-2026,Delivered
TRK00026,SHP0006,07-Apr-2026,Picked Up
TRK00027,SHP0006,08-Apr-2026,In Transit
TRK00028,SHP0006,09-Apr-2026,At Destination Hub
TRK00029,SHP0006,10-Apr-2026,Out for Delivery
TRK00030,SHP0006,10-Apr-2026,Delivered
TRK00031,SHP0007,08-Apr-2026,Picked Up
TRK00032,SHP0007,09-Apr-2026,In Transit
TRK00033,SHP0007,10-Apr-2026,At Destination Hub
TRK00034,SHP0007,11-Apr-2026,Out for Delivery
TRK00035,SHP0007,11-Apr-2026,Delivered
TRK00036,SHP0008,09-Apr-2026,Picked Up
TRK00037,SHP0008,10-Apr-2026,In Transit
TRK00038,SHP0008,11-Apr-2026,At Destination Hub
TRK00039,SHP0008,12-Apr-2026,Out for Delivery
TRK00040,SHP0008,12-Apr-2026,Delivered
TRK00041,SHP0009,10-Apr-2026,Picked Up
TRK00042,SHP0009,11-Apr-2026,In Transit
TRK00043,SHP0009,12-Apr-2026,At Destination Hub
TRK00044,SHP0009,13-Apr-2026,Out for Delivery
TRK00045,SHP0009,13-Apr-2026,Delivered
TRK00046,SHP0010,11-Apr-2026,Picked Up
TRK00047,SHP0010,12-Apr-2026,In Transit
TRK00048,SHP0010,13-Apr-2026,At Destination Hub
TRK00049,SHP0010,14-Apr-2026,Out for Delivery
TRK00050,SHP0010,14-Apr-2026,Delivered
TRK00051,SHP0011,12-Apr-2026,Picked Up
TRK00052,SHP0011,13-Apr-2026,In Transit
TRK00053,SHP0011,14-Apr-2026,At Destination Hub
TRK00054,SHP0011,15-Apr-2026,Out for Delivery
TRK00055,SHP0011,15-Apr-2026,Delivered
TRK00056,SHP0012,13-Apr-2026,Picked Up
TRK00057,SHP0012,14-Apr-2026,In Transit
TRK00058,SHP0012,15-Apr-2026,At Destination Hub
TRK00059,SHP0012,16-Apr-2026,Out for Delivery
TRK00060,SHP0012,16-Apr-2026,Delivered
TRK00061,SHP0013,14-Apr-2026,Picked Up
TRK00062,SHP0013,15-Apr-2026,In Transit
TRK00063,SHP0013,16-Apr-2026,At Destination Hub
TRK00064,SHP0013,17-Apr-2026,Out for Delivery
TRK00065,SHP0013,17-Apr-2026,Delivered
TRK00066,SHP0014,15-Apr-2026,Picked Up
TRK00067,SHP0014,16-Apr-2026,In Transit
TRK00068,SHP0014,17-Apr-2026,At Destination Hub
TRK00069,SHP0014,18-Apr-2026,Out for Delivery
TRK00070,SHP0014,18-Apr-2026,Delivered
TRK00071,SHP0015,16-Apr-2026,Picked Up
TRK00072,SHP0015,17-Apr-2026,In Transit
TRK00073,SHP0015,18-Apr-2026,At Destination Hub
TRK00074,SHP0015,19-Apr-2026,Out for Delivery
TRK00075,SHP0015,19-Apr-2026,Delivered
TRK00076,SHP0016,17-Apr-2026,Picked Up
TRK00077,SHP0016,18-Apr-2026,In Transit
TRK00078,SHP0016,19-Apr-2026,At Destination Hub
TRK00079,SHP0016,20-Apr-2026,Out for Delivery
TRK00080,SHP0016,20-Apr-2026,Delivered
TRK00081,SHP0017,18-Apr-2026,Picked Up
TRK00082,SHP0017,19-Apr-2026,In Transit
TRK00083,SHP0017,20-Apr-2026,At Destination Hub
TRK00084,SHP0017,21-Apr-2026,Out for Delivery
TRK00085,SHP0017,21-Apr-2026,Delivered
TRK00086,SHP0018,19-Apr-2026,Picked Up
TRK00087,SHP0018,20-Apr-2026,In Transit
TRK00088,SHP0018,21-Apr-2026,At Destination Hub
TRK00089,SHP0018,22-Apr-2026,Out for Delivery
TRK00090,SHP0018,22-Apr-2026,Delivered
TRK00091,SHP0019,20-Apr-2026,Picked Up
TRK00092,SHP0019,21-Apr-2026,In Transit
TRK00093,SHP0019,22-Apr-2026,At Destination Hub
TRK00094,SHP0019,23-Apr-2026,Out for Delivery
TRK00095,SHP0019,23-Apr-2026,Delivered
TRK00096,SHP0020,21-Apr-2026,Picked Up
TRK00097,SHP0020,22-Apr-2026,In Transit
TRK00098,SHP0020,23-Apr-2026,At Destination Hub
TRK00099,SHP0020,24-Apr-2026,Out for Delivery
TRK00100,SHP0020,24-Apr-2026,Delivered
TRK00101,SHP0021,22-Apr-2026,Picked Up
TRK00102,SHP0021,23-Apr-2026,In Transit
TRK00103,SHP0021,24-Apr-2026,At Destination Hub
TRK00104,SHP0021,25-Apr-2026,Out for Delivery
TRK00105,SHP0021,25-Apr-2026,Delivered
TRK00106,SHP0022,23-Apr-2026,Picked Up
TRK00107,SHP0022,24-Apr-2026,In Transit
TRK00108,SHP0022,25-Apr-2026,At Destination Hub
TRK00109,SHP0022,26-Apr-2026,Out for Delivery
TRK00110,SHP0022,26-Apr-2026,Delivered
TRK00111,SHP0023,24-Apr-2026,Picked Up
TRK00112,SHP0023,25-Apr-2026,In Transit
TRK00113,SHP0023,26-Apr-2026,At Destination Hub
TRK00114,SHP0023,27-Apr-2026,Out for Delivery
TRK00115,SHP0023,27-Apr-2026,Delivered
TRK00116,SHP0024,25-Apr-2026,Picked Up
TRK00117,SHP0024,26-Apr-2026,In Transit
TRK00118,SHP0024,27-Apr-2026,At Destination Hub
TRK00119,SHP0024,28-Apr-2026,Out for Delivery
TRK00120,SHP0024,28-Apr-2026,Delivered
TRK00121,SHP0025,26-Apr-2026,Picked Up
TRK00122,SHP0025,27-Apr-2026,In Transit
TRK00123,SHP0025,28-Apr-2026,At Destination Hub
TRK00124,SHP0025,29-Apr-2026,Out for Delivery
TRK00125,SHP0025,29-Apr-2026,Delivered
TRK00126,SHP0026,27-Apr-2026,Picked Up
TRK00127,SHP0026,28-Apr-2026,In Transit
TRK00128,SHP0026,29-Apr-2026,At Destination Hub
TRK00129,SHP0026,30-Apr-2026,Out for Delivery
TRK00130,SHP0026,30-Apr-2026,Delivered
TRK00131,SHP0027,28-Apr-2026,Picked Up
TRK00132,SHP0027,29-Apr-2026,In Transit
TRK00133,SHP0027,30-Apr-2026,At Destination Hub
TRK00134,SHP0027,01-May-2026,Out for Delivery
TRK00135,SHP0027,01-May-2026,Delivered
TRK00136,SHP0028,29-Apr-2026,Picked Up
TRK00137,SHP0028,30-Apr-2026,In Transit
TRK00138,SHP0028,01-May-2026,At Destination Hub
TRK00139,SHP0028,02-May-2026,Out for Delivery
TRK00140,SHP0028,02-May-2026,Delivered
TRK00141,SHP0029,30-Apr-2026,Picked Up
TRK00142,SHP0029,01-May-2026,In Transit
TRK00143,SHP0029,02-May-2026,At Destination Hub
TRK00144,SHP0029,03-May-2026,Out for Delivery
TRK00145,SHP0029,03-May-2026,Delivered
TRK00146,SHP0030,01-May-2026,Picked Up
TRK00147,SHP0030,02-May-2026,In Transit
TRK00148,SHP0030,03-May-2026,At Destination Hub
TRK00149,SHP0030,04-May-2026,Out for Delivery
TRK00150,SHP0030,04-May-2026,Delivered
TRK00151,SHP0031,02-May-2026,Picked Up
TRK00152,SHP0031,03-May-2026,In Transit
TRK00153,SHP0031,04-May-2026,At Destination Hub
TRK00154,SHP0031,05-May-2026,Out for Delivery
TRK00155,SHP0031,05-May-2026,Delivered
TRK00156,SHP0032,03-May-2026,Picked Up
TRK00157,SHP0032,04-May-2026,In Transit
TRK00158,SHP0032,05-May-2026,At Destination Hub
TRK00159,SHP0032,06-May-2026,Out for Delivery
TRK00160,SHP0032,06-May-2026,Delivered
TRK00161,SHP0033,04-May-2026,Picked Up
TRK00162,SHP0033,05-May-2026,In Transit
TRK00163,SHP0033,06-May-2026,At Destination Hub
TRK00164,SHP0033,07-May-2026,Out for Delivery
TRK00165,SHP0033,07-May-2026,Delivered
TRK00166,SHP0034,05-May-2026,Picked Up
TRK00167,SHP0034,06-May-2026,In Transit
TRK00168,SHP0034,07-May-2026,At Destination Hub
TRK00169,SHP0034,08-May-2026,Out for Delivery
TRK00170,SHP0034,08-May-2026,Delivered
TRK00171,SHP0035,06-May-2026,Picked Up
TRK00172,SHP0035,07-May-2026,In Transit
TRK00173,SHP0035,08-May-2026,At Destination Hub
TRK00174,SHP0035,09-May-2026,Out for Delivery
TRK00175,SHP0035,09-May-2026,Delivered
TRK00176,SHP0036,07-May-2026,Picked Up
TRK00177,SHP0036,08-May-2026,In Transit
TRK00178,SHP0036,09-May-2026,At Destination Hub
TRK00179,SHP0036,10-May-2026,Out for Delivery
TRK00180,SHP0036,10-May-2026,Delivered
TRK00181,SHP0037,08-May-2026,Picked Up
TRK00182,SHP0037,09-May-2026,In Transit
TRK00183,SHP0037,10-May-2026,At Destination Hub
TRK00184,SHP0037,11-May-2026,Out for Delivery
TRK00185,SHP0037,11-May-2026,Delivered
TRK00186,SHP0038,09-May-2026,Picked Up
TRK00187,SHP0038,10-May-2026,In Transit
TRK00188,SHP0038,11-May-2026,At Destination Hub
TRK00189,SHP0038,12-May-2026,Out for Delivery
TRK00190,SHP0038,12-May-2026,Delivered
TRK00191,SHP0039,10-May-2026,Picked Up
TRK00192,SHP0039,11-May-2026,In Transit
TRK00193,SHP0039,12-May-2026,At Destination Hub
TRK00194,SHP0039,13-May-2026,Out for Delivery
TRK00195,SHP0039,13-May-2026,Delivered
TRK00196,SHP0040,11-May-2026,Picked Up
TRK00197,SHP0040,12-May-2026,In Transit
TRK00198,SHP0040,13-May-2026,At Destination Hub
TRK00199,SHP0040,14-May-2026,Out for Delivery
TRK00200,SHP0040,14-May-2026,Delivered
TRK00201,SHP0041,12-May-2026,Picked Up
TRK00202,SHP0041,13-May-2026,In Transit
TRK00203,SHP0041,14-May-2026,At Destination Hub
TRK00204,SHP0041,15-May-2026,Out for Delivery
TRK00205,SHP0041,15-May-2026,Delivered
TRK00206,SHP0042,13-May-2026,Picked Up
TRK00207,SHP0042,14-May-2026,In Transit
TRK00208,SHP0042,15-May-2026,At Destination Hub
TRK00209,SHP0042,16-May-2026,Out for Delivery
TRK00210,SHP0042,16-May-2026,Delivered
TRK00211,SHP0043,14-May-2026,Picked Up
TRK00212,SHP0043,15-May-2026,In Transit
TRK00213,SHP0043,16-May-2026,At Destination Hub
TRK00214,SHP0043,17-May-2026,Out for Delivery
TRK00215,SHP0043,17-May-2026,Delivered
TRK00216,SHP0044,15-May-2026,Picked Up
TRK00217,SHP0044,16-May-2026,In Transit
TRK00218,SHP0044,17-May-2026,At Destination Hub
TRK00219,SHP0044,18-May-2026,Out for Delivery
TRK00220,SHP0044,18-May-2026,Delivered
TRK00221,SHP0045,16-May-2026,Picked Up
TRK00222,SHP0045,17-May-2026,In Transit
TRK00223,SHP0045,18-May-2026,At Destination Hub
TRK00224,SHP0045,19-May-2026,Out for Delivery
TRK00225,SHP0045,19-May-2026,Delivered
TRK00226,SHP0046,17-May-2026,Picked Up
TRK00227,SHP0046,18-May-2026,In Transit
TRK00228,SHP0046,19-May-2026,At Destination Hub
TRK00229,SHP0046,20-May-2026,Out for Delivery
TRK00230,SHP0046,20-May-2026,Delivered
TRK00231,SHP0047,18-May-2026,Picked Up
TRK00232,SHP0047,19-May-2026,In Transit
TRK00233,SHP0047,20-May-2026,At Destination Hub
TRK00234,SHP0047,21-May-2026,Out for Delivery
TRK00235,SHP0047,21-May-2026,Delivered
TRK00236,SHP0048,19-May-2026,Picked Up
TRK00237,SHP0048,20-May-2026,In Transit
TRK00238,SHP0048,21-May-2026,At Destination Hub
TRK00239,SHP0048,22-May-2026,Out for Delivery
TRK00240,SHP0048,22-May-2026,Delivered
TRK00241,SHP0049,20-May-2026,Picked Up
TRK00242,SHP0049,21-May-2026,In Transit
TRK00243,SHP0049,22-May-2026,At Destination Hub
TRK00244,SHP0049,23-May-2026,Out for Delivery
TRK00245,SHP0049,23-May-2026,Delivered
TRK00246,SHP0050,21-May-2026,Picked Up
TRK00247,SHP0050,22-May-2026,In Transit
TRK00248,SHP0050,23-May-2026,At Destination Hub
TRK00249,SHP0050,24-May-2026,Out for Delivery
TRK00250,SHP0050,24-May-2026,Delivered
TRK00251,SHP0051,22-May-2026,Picked Up
TRK00252,SHP0051,23-May-2026,In Transit
TRK00253,SHP0051,24-May-2026,At Destination Hub
TRK00254,SHP0051,25-May-2026,Out for Delivery
TRK00255,SHP0051,25-May-2026,Delivered
TRK00256,SHP0052,23-May-2026,Picked Up
TRK00257,SHP0052,24-May-2026,In Transit
TRK00258,SHP0052,25-May-2026,At Destination Hub
TRK00259,SHP0052,26-May-2026,Out for Delivery
TRK00260,SHP0052,26-May-2026,Delivered
TRK00261,SHP0053,24-May-2026,Picked Up
TRK00262,SHP0053,25-May-2026,In Transit
TRK00263,SHP0053,26-May-2026,At Destination Hub
TRK00264,SHP0053,27-May-2026,Out for Delivery
TRK00265,SHP0053,27-May-2026,Delivered
TRK00266,SHP0054,25-May-2026,Picked Up
TRK00267,SHP0054,26-May-2026,In Transit
TRK00268,SHP0054,27-May-2026,At Destination Hub
TRK00269,SHP0054,28-May-2026,Out for Delivery
TRK00270,SHP0054,28-May-2026,Delivered
TRK00271,SHP0055,26-May-2026,Picked Up
TRK00272,SHP0055,27-May-2026,In Transit
TRK00273,SHP0055,28-May-2026,At Destination Hub
TRK00274,SHP0055,29-May-2026,Out for Delivery
TRK00275,SHP0055,29-May-2026,Delivered
TRK00276,SHP0056,27-May-2026,Picked Up
TRK00277,SHP0056,28-May-2026,In Transit
TRK00278,SHP0056,29-May-2026,At Destination Hub
TRK00279,SHP0056,30-May-2026,Out for Delivery
TRK00280,SHP0056,30-May-2026,Delivered
TRK00281,SHP0057,28-May-2026,Picked Up
TRK00282,SHP0057,29-May-2026,In Transit
TRK00283,SHP0057,30-May-2026,At Destination Hub
TRK00284,SHP0057,31-May-2026,Out for Delivery
TRK00285,SHP0057,31-May-2026,Delivered
TRK00286,SHP0058,29-May-2026,Picked Up
TRK00287,SHP0058,30-May-2026,In Transit
TRK00288,SHP0058,31-May-2026,At Destination Hub
TRK00289,SHP0058,01-Jun-2026,Out for Delivery
TRK00290,SHP0058,01-Jun-2026,Delivered
TRK00291,SHP0059,30-May-2026,Picked Up
TRK00292,SHP0059,31-May-2026,In Transit
TRK00293,SHP0059,01-Jun-2026,At Destination Hub
TRK00294,SHP0059,02-Jun-2026,Out for Delivery
TRK00295,SHP0059,02-Jun-2026,Delivered
TRK00296,SHP0060,31-May-2026,Picked Up
TRK00297,SHP0060,01-Jun-2026,In Transit
TRK00298,SHP0060,02-Jun-2026,At Destination Hub
TRK00299,SHP0060,03-Jun-2026,Out for Delivery
TRK00300,SHP0060,03-Jun-2026,Delivered
TRK00301,SHP0061,01-Jun-2026,Picked Up
TRK00302,SHP0061,02-Jun-2026,In Transit
TRK00303,SHP0061,03-Jun-2026,At Destination Hub
TRK00304,SHP0061,04-Jun-2026,Out for Delivery
TRK00305,SHP0061,04-Jun-2026,Delivered
TRK00306,SHP0062,02-Jun-2026,Picked Up
TRK00307,SHP0062,03-Jun-2026,In Transit
TRK00308,SHP0062,04-Jun-2026,At Destination Hub
TRK00309,SHP0062,05-Jun-2026,Out for Delivery
TRK00310,SHP0062,05-Jun-2026,Delivered
TRK00311,SHP0063,03-Jun-2026,Picked Up
TRK00312,SHP0063,04-Jun-2026,In Transit
TRK00313,SHP0063,05-Jun-2026,At Destination Hub
TRK00314,SHP0063,06-Jun-2026,Out for Delivery
TRK00315,SHP0063,06-Jun-2026,Delivered
TRK00316,SHP0064,04-Jun-2026,Picked Up
TRK00317,SHP0064,05-Jun-2026,In Transit
TRK00318,SHP0064,06-Jun-2026,At Destination Hub
TRK00319,SHP0064,07-Jun-2026,Out for Delivery
TRK00320,SHP0064,07-Jun-2026,Delivered
TRK00321,SHP0065,05-Jun-2026,Picked Up
TRK00322,SHP0065,06-Jun-2026,In Transit
TRK00323,SHP0065,07-Jun-2026,At Destination Hub
TRK00324,SHP0065,08-Jun-2026,Out for Delivery
TRK00325,SHP0065,08-Jun-2026,Delivered
TRK00326,SHP0066,06-Jun-2026,Picked Up
TRK00327,SHP0066,07-Jun-2026,In Transit
TRK00328,SHP0066,08-Jun-2026,At Destination Hub
TRK00329,SHP0066,09-Jun-2026,Out for Delivery
TRK00330,SHP0066,09-Jun-2026,Delivered
TRK00331,SHP0067,07-Jun-2026,Picked Up
TRK00332,SHP0067,08-Jun-2026,In Transit
TRK00333,SHP0067,09-Jun-2026,At Destination Hub
TRK00334,SHP0067,10-Jun-2026,Out for Delivery
TRK00335,SHP0067,10-Jun-2026,Delivered
TRK00336,SHP0068,08-Jun-2026,Picked Up
TRK00337,SHP0068,09-Jun-2026,In Transit
TRK00338,SHP0068,10-Jun-2026,At Destination Hub
TRK00339,SHP0068,11-Jun-2026,Out for Delivery
TRK00340,SHP0068,11-Jun-2026,Delivered
TRK00341,SHP0069,09-Jun-2026,Picked Up
TRK00342,SHP0069,10-Jun-2026,In Transit
TRK00343,SHP0069,11-Jun-2026,At Destination Hub
TRK00344,SHP0069,12-Jun-2026,Out for Delivery
TRK00345,SHP0069,12-Jun-2026,Delivered
TRK00346,SHP0070,10-Jun-2026,Picked Up
TRK00347,SHP0070,11-Jun-2026,In Transit
TRK00348,SHP0070,12-Jun-2026,At Destination Hub
TRK00349,SHP0070,13-Jun-2026,Out for Delivery
TRK00350,SHP0070,13-Jun-2026,Delivered
TRK00351,SHP0071,11-Jun-2026,Picked Up
TRK00352,SHP0071,12-Jun-2026,In Transit
TRK00353,SHP0071,13-Jun-2026,At Destination Hub
TRK00354,SHP0071,14-Jun-2026,Out for Delivery
TRK00355,SHP0071,14-Jun-2026,Delivered
TRK00356,SHP0072,12-Jun-2026,Picked Up
TRK00357,SHP0072,13-Jun-2026,In Transit
TRK00358,SHP0072,14-Jun-2026,At Destination Hub
TRK00359,SHP0072,15-Jun-2026,Out for Delivery
TRK00360,SHP0072,15-Jun-2026,Delivered
TRK00361,SHP0073,13-Jun-2026,Picked Up
TRK00362,SHP0073,14-Jun-2026,In Transit
TRK00363,SHP0073,15-Jun-2026,At Destination Hub
TRK00364,SHP0073,16-Jun-2026,Out for Delivery
TRK00365,SHP0073,16-Jun-2026,Delivered
TRK00366,SHP0074,14-Jun-2026,Picked Up
TRK00367,SHP0074,15-Jun-2026,In Transit
TRK00368,SHP0074,16-Jun-2026,At Destination Hub
TRK00369,SHP0074,17-Jun-2026,Out for Delivery
TRK00370,SHP0074,17-Jun-2026,Delivered
TRK00371,SHP0075,15-Jun-2026,Picked Up
TRK00372,SHP0075,16-Jun-2026,In Transit
TRK00373,SHP0075,17-Jun-2026,At Destination Hub
TRK00374,SHP0075,18-Jun-2026,Out for Delivery
TRK00375,SHP0075,18-Jun-2026,Delivered
TRK00376,SHP0076,16-Jun-2026,Picked Up
TRK00377,SHP0076,17-Jun-2026,In Transit
TRK00378,SHP0076,18-Jun-2026,At Destination Hub
TRK00379,SHP0076,19-Jun-2026,Out for Delivery
TRK00380,SHP0076,19-Jun-2026,Delivered
TRK00381,SHP0077,17-Jun-2026,Picked Up
TRK00382,SHP0077,18-Jun-2026,In Transit
TRK00383,SHP0077,19-Jun-2026,At Destination Hub
TRK00384,SHP0077,20-Jun-2026,Out for Delivery
TRK00385,SHP0077,20-Jun-2026,Delivered
TRK00386,SHP0078,18-Jun-2026,Picked Up
TRK00387,SHP0078,19-Jun-2026,In Transit
TRK00388,SHP0078,20-Jun-2026,At Destination Hub
TRK00389,SHP0078,21-Jun-2026,Out for Delivery
TRK00390,SHP0078,21-Jun-2026,Delivered
TRK00391,SHP0079,19-Jun-2026,Picked Up
TRK00392,SHP0079,20-Jun-2026,In Transit
TRK00393,SHP0079,21-Jun-2026,At Destination Hub
TRK00394,SHP0079,22-Jun-2026,Out for Delivery
TRK00395,SHP0079,22-Jun-2026,Delivered
TRK00396,SHP0080,20-Jun-2026,Picked Up
TRK00397,SHP0080,21-Jun-2026,In Transit
TRK00398,SHP0080,22-Jun-2026,At Destination Hub
TRK00399,SHP0080,23-Jun-2026,Out for Delivery
TRK00400,SHP0080,23-Jun-2026,Delivered
TRK00401,SHP0081,21-Jun-2026,Picked Up
TRK00402,SHP0081,22-Jun-2026,In Transit
TRK00403,SHP0081,23-Jun-2026,At Destination Hub
TRK00404,SHP0081,24-Jun-2026,Out for Delivery
TRK00405,SHP0081,24-Jun-2026,Delivered
TRK00406,SHP0082,22-Jun-2026,Picked Up
TRK00407,SHP0082,23-Jun-2026,In Transit
TRK00408,SHP0082,24-Jun-2026,At Destination Hub
TRK00409,SHP0082,25-Jun-2026,Out for Delivery
TRK00410,SHP0082,25-Jun-2026,Delivered
TRK00411,SHP0083,23-Jun-2026,Picked Up
TRK00412,SHP0083,24-Jun-2026,In Transit
TRK00413,SHP0083,25-Jun-2026,At Destination Hub
TRK00414,SHP0083,26-Jun-2026,Out for Delivery
TRK00415,SHP0083,26-Jun-2026,Delivered
TRK00416,SHP0084,24-Jun-2026,Picked Up
TRK00417,SHP0084,25-Jun-2026,In Transit
TRK00418,SHP0084,26-Jun-2026,At Destination Hub
TRK00419,SHP0084,27-Jun-2026,Out for Delivery
TRK00420,SHP0084,27-Jun-2026,Delivered
TRK00421,SHP0085,25-Jun-2026,Picked Up
TRK00422,SHP0085,26-Jun-2026,In Transit
TRK00423,SHP0085,27-Jun-2026,At Destination Hub
TRK00424,SHP0085,28-Jun-2026,Out for Delivery
TRK00425,SHP0085,28-Jun-2026,Delivered
TRK00426,SHP0086,26-Jun-2026,Picked Up
TRK00427,SHP0086,27-Jun-2026,In Transit
TRK00428,SHP0086,28-Jun-2026,At Destination Hub
TRK00429,SHP0086,29-Jun-2026,Out for Delivery
TRK00430,SHP0086,29-Jun-2026,Delivered
TRK00431,SHP0087,27-Jun-2026,Picked Up
TRK00432,SHP0087,28-Jun-2026,In Transit
TRK00433,SHP0087,29-Jun-2026,At Destination Hub
TRK00434,SHP0087,30-Jun-2026,Out for Delivery
TRK00435,SHP0087,30-Jun-2026,Delivered
TRK00436,SHP0088,28-Jun-2026,Picked Up
TRK00437,SHP0088,29-Jun-2026,In Transit
TRK00438,SHP0088,30-Jun-2026,At Destination Hub
TRK00439,SHP0088,01-Jul-2026,Out for Delivery
TRK00440,SHP0088,01-Jul-2026,Delivered
TRK00441,SHP0089,29-Jun-2026,Picked Up
TRK00442,SHP0089,30-Jun-2026,In Transit
TRK00443,SHP0089,01-Jul-2026,At Destination Hub
TRK00444,SHP0089,02-Jul-2026,Out for Delivery
TRK00445,SHP0090,30-Jun-2026,Picked Up
TRK00446,SHP0090,01-Jul-2026,In Transit
TRK00447,SHP0090,02-Jul-2026,At Destination Hub
TRK00448,SHP0090,03-Jul-2026,Out for Delivery
TRK00449,SHP0091,01-Jul-2026,Picked Up
TRK00450,SHP0091,02-Jul-2026,In Transit
TRK00451,SHP0091,03-Jul-2026,At Destination Hub
TRK00452,SHP0091,04-Jul-2026,Out for Delivery
TRK00453,SHP0092,02-Jul-2026,Picked Up
TRK00454,SHP0092,03-Jul-2026,In Transit
TRK00455,SHP0092,04-Jul-2026,At Destination Hub
TRK00456,SHP0092,05-Jul-2026,Out for Delivery
TRK00457,SHP0093,02-Apr-2026,Picked Up
TRK00458,SHP0093,03-Apr-2026,In Transit
TRK00459,SHP0093,04-Apr-2026,At Destination Hub
TRK00460,SHP0093,05-Apr-2026,Out for Delivery
TRK00461,SHP0093,05-Apr-2026,Delivered
TRK00462,SHP0094,03-Apr-2026,Picked Up
TRK00463,SHP0094,04-Apr-2026,In Transit
TRK00464,SHP0094,05-Apr-2026,At Destination Hub
TRK00465,SHP0094,06-Apr-2026,Out for Delivery
TRK00466,SHP0094,06-Apr-2026,Delivered
TRK00467,SHP0095,04-Apr-2026,Picked Up
TRK00468,SHP0095,05-Apr-2026,In Transit
TRK00469,SHP0095,06-Apr-2026,At Destination Hub
TRK00470,SHP0095,07-Apr-2026,Out for Delivery
TRK00471,SHP0095,07-Apr-2026,Delivered
TRK00472,SHP0096,05-Apr-2026,Picked Up
TRK00473,SHP0096,06-Apr-2026,In Transit
TRK00474,SHP0096,07-Apr-2026,At Destination Hub
TRK00475,SHP0096,08-Apr-2026,Out for Delivery
TRK00476,SHP0096,08-Apr-2026,Delivered
TRK00477,SHP0097,06-Apr-2026,Picked Up
TRK00478,SHP0097,07-Apr-2026,In Transit
TRK00479,SHP0097,08-Apr-2026,At Destination Hub
TRK00480,SHP0097,09-Apr-2026,Out for Delivery
TRK00481,SHP0097,09-Apr-2026,Delivered
TRK00482,SHP0098,07-Apr-2026,Picked Up
TRK00483,SHP0098,08-Apr-2026,In Transit
TRK00484,SHP0098,09-Apr-2026,At Destination Hub
TRK00485,SHP0098,10-Apr-2026,Out for Delivery
TRK00486,SHP0098,10-Apr-2026,Delivered
TRK00487,SHP0099,08-Apr-2026,Picked Up
TRK00488,SHP0099,09-Apr-2026,In Transit
TRK00489,SHP0099,10-Apr-2026,At Destination Hub
TRK00490,SHP0099,11-Apr-2026,Out for Delivery
TRK00491,SHP0099,11-Apr-2026,Delivered
TRK00492,SHP0100,09-Apr-2026,Picked Up
TRK00493,SHP0100,10-Apr-2026,In Transit
TRK00494,SHP0100,11-Apr-2026,At Destination Hub
TRK00495,SHP0100,12-Apr-2026,Out for Delivery
TRK00496,SHP0100,12-Apr-2026,Delivered
TRK00497,SHP0101,10-Apr-2026,Picked Up
TRK00498,SHP0101,11-Apr-2026,In Transit
TRK00499,SHP0101,12-Apr-2026,At Destination Hub
TRK00500,SHP0101,13-Apr-2026,Out for Delivery
TRK00501,SHP0101,13-Apr-2026,Delivered
TRK00502,SHP0102,11-Apr-2026,Picked Up
TRK00503,SHP0102,12-Apr-2026,In Transit
TRK00504,SHP0102,13-Apr-2026,At Destination Hub
TRK00505,SHP0102,14-Apr-2026,Out for Delivery
TRK00506,SHP0102,14-Apr-2026,Delivered
TRK00507,SHP0103,12-Apr-2026,Picked Up
TRK00508,SHP0103,13-Apr-2026,In Transit
TRK00509,SHP0103,14-Apr-2026,At Destination Hub
TRK00510,SHP0103,15-Apr-2026,Out for Delivery
TRK00511,SHP0103,15-Apr-2026,Delivered
TRK00512,SHP0104,13-Apr-2026,Picked Up
TRK00513,SHP0104,14-Apr-2026,In Transit
TRK00514,SHP0104,15-Apr-2026,At Destination Hub
TRK00515,SHP0104,16-Apr-2026,Out for Delivery
TRK00516,SHP0104,16-Apr-2026,Delivered
TRK00517,SHP0105,14-Apr-2026,Picked Up
TRK00518,SHP0105,15-Apr-2026,In Transit
TRK00519,SHP0105,16-Apr-2026,At Destination Hub
TRK00520,SHP0105,17-Apr-2026,Out for Delivery
TRK00521,SHP0105,17-Apr-2026,Delivered
TRK00522,SHP0106,15-Apr-2026,Picked Up
TRK00523,SHP0106,16-Apr-2026,In Transit
TRK00524,SHP0106,17-Apr-2026,At Destination Hub
TRK00525,SHP0106,18-Apr-2026,Out for Delivery
TRK00526,SHP0106,18-Apr-2026,Delivered
TRK00527,SHP0107,16-Apr-2026,Picked Up
TRK00528,SHP0107,17-Apr-2026,In Transit
TRK00529,SHP0107,18-Apr-2026,At Destination Hub
TRK00530,SHP0107,19-Apr-2026,Out for Delivery
TRK00531,SHP0107,19-Apr-2026,Delivered
TRK00532,SHP0108,17-Apr-2026,Picked Up
TRK00533,SHP0108,18-Apr-2026,In Transit
TRK00534,SHP0108,19-Apr-2026,At Destination Hub
TRK00535,SHP0108,20-Apr-2026,Out for Delivery
TRK00536,SHP0108,20-Apr-2026,Delivered
TRK00537,SHP0109,18-Apr-2026,Picked Up
TRK00538,SHP0109,19-Apr-2026,In Transit
TRK00539,SHP0109,20-Apr-2026,At Destination Hub
TRK00540,SHP0109,21-Apr-2026,Out for Delivery
TRK00541,SHP0109,21-Apr-2026,Delivered
TRK00542,SHP0110,19-Apr-2026,Picked Up
TRK00543,SHP0110,20-Apr-2026,In Transit
TRK00544,SHP0110,21-Apr-2026,At Destination Hub
TRK00545,SHP0110,22-Apr-2026,Out for Delivery
TRK00546,SHP0110,22-Apr-2026,Delivered
TRK00547,SHP0111,20-Apr-2026,Picked Up
TRK00548,SHP0111,21-Apr-2026,In Transit
TRK00549,SHP0111,22-Apr-2026,At Destination Hub
TRK00550,SHP0111,23-Apr-2026,Out for Delivery
TRK00551,SHP0111,23-Apr-2026,Delivered
TRK00552,SHP0112,21-Apr-2026,Picked Up
TRK00553,SHP0112,22-Apr-2026,In Transit
TRK00554,SHP0112,23-Apr-2026,At Destination Hub
TRK00555,SHP0112,24-Apr-2026,Out for Delivery
TRK00556,SHP0112,24-Apr-2026,Delivered
TRK00557,SHP0113,22-Apr-2026,Picked Up
TRK00558,SHP0113,23-Apr-2026,In Transit
TRK00559,SHP0113,24-Apr-2026,At Destination Hub
TRK00560,SHP0113,25-Apr-2026,Out for Delivery
TRK00561,SHP0113,25-Apr-2026,Delivered
TRK00562,SHP0114,23-Apr-2026,Picked Up
TRK00563,SHP0114,24-Apr-2026,In Transit
TRK00564,SHP0114,25-Apr-2026,At Destination Hub
TRK00565,SHP0114,26-Apr-2026,Out for Delivery
TRK00566,SHP0114,26-Apr-2026,Delivered
TRK00567,SHP0115,24-Apr-2026,Picked Up
TRK00568,SHP0115,25-Apr-2026,In Transit
TRK00569,SHP0115,26-Apr-2026,At Destination Hub
TRK00570,SHP0115,27-Apr-2026,Out for Delivery
TRK00571,SHP0115,27-Apr-2026,Delivered
TRK00572,SHP0116,25-Apr-2026,Picked Up
TRK00573,SHP0116,26-Apr-2026,In Transit
TRK00574,SHP0116,27-Apr-2026,At Destination Hub
TRK00575,SHP0116,28-Apr-2026,Out for Delivery
TRK00576,SHP0116,28-Apr-2026,Delivered
TRK00577,SHP0117,26-Apr-2026,Picked Up
TRK00578,SHP0117,27-Apr-2026,In Transit
TRK00579,SHP0117,28-Apr-2026,At Destination Hub
TRK00580,SHP0117,29-Apr-2026,Out for Delivery
TRK00581,SHP0117,29-Apr-2026,Delivered
TRK00582,SHP0118,27-Apr-2026,Picked Up
TRK00583,SHP0118,28-Apr-2026,In Transit
TRK00584,SHP0118,29-Apr-2026,At Destination Hub
TRK00585,SHP0118,30-Apr-2026,Out for Delivery
TRK00586,SHP0118,30-Apr-2026,Delivered
TRK00587,SHP0119,28-Apr-2026,Picked Up
TRK00588,SHP0119,29-Apr-2026,In Transit
TRK00589,SHP0119,30-Apr-2026,At Destination Hub
TRK00590,SHP0119,01-May-2026,Out for Delivery
TRK00591,SHP0119,01-May-2026,Delivered
TRK00592,SHP0120,29-Apr-2026,Picked Up
TRK00593,SHP0120,30-Apr-2026,In Transit
TRK00594,SHP0120,01-May-2026,At Destination Hub
TRK00595,SHP0120,02-May-2026,Out for Delivery
TRK00596,SHP0120,02-May-2026,Delivered
TRK00597,SHP0121,30-Apr-2026,Picked Up
TRK00598,SHP0121,01-May-2026,In Transit
TRK00599,SHP0121,02-May-2026,At Destination Hub
TRK00600,SHP0121,03-May-2026,Out for Delivery
TRK00601,SHP0121,03-May-2026,Delivered
TRK00602,SHP0122,01-May-2026,Picked Up
TRK00603,SHP0122,02-May-2026,In Transit
TRK00604,SHP0122,03-May-2026,At Destination Hub
TRK00605,SHP0122,04-May-2026,Out for Delivery
TRK00606,SHP0122,04-May-2026,Delivered
TRK00607,SHP0123,02-May-2026,Picked Up
TRK00608,SHP0123,03-May-2026,In Transit
TRK00609,SHP0123,04-May-2026,At Destination Hub
TRK00610,SHP0123,05-May-2026,Out for Delivery
TRK00611,SHP0123,05-May-2026,Delivered
TRK00612,SHP0124,03-May-2026,Picked Up
TRK00613,SHP0124,04-May-2026,In Transit
TRK00614,SHP0124,05-May-2026,At Destination Hub
TRK00615,SHP0124,06-May-2026,Out for Delivery
TRK00616,SHP0124,06-May-2026,Delivered
TRK00617,SHP0125,04-May-2026,Picked Up
TRK00618,SHP0125,05-May-2026,In Transit
TRK00619,SHP0125,06-May-2026,At Destination Hub
TRK00620,SHP0125,07-May-2026,Out for Delivery
TRK00621,SHP0125,07-May-2026,Delivered
TRK00622,SHP0126,05-May-2026,Picked Up
TRK00623,SHP0126,06-May-2026,In Transit
TRK00624,SHP0126,07-May-2026,At Destination Hub
TRK00625,SHP0126,08-May-2026,Out for Delivery
TRK00626,SHP0126,08-May-2026,Delivered
TRK00627,SHP0127,06-May-2026,Picked Up
TRK00628,SHP0127,07-May-2026,In Transit
TRK00629,SHP0127,08-May-2026,At Destination Hub
TRK00630,SHP0127,09-May-2026,Out for Delivery
TRK00631,SHP0127,09-May-2026,Delivered
TRK00632,SHP0128,07-May-2026,Picked Up
TRK00633,SHP0128,08-May-2026,In Transit
TRK00634,SHP0128,09-May-2026,At Destination Hub
TRK00635,SHP0128,10-May-2026,Out for Delivery
TRK00636,SHP0128,10-May-2026,Delivered
TRK00637,SHP0129,08-May-2026,Picked Up
TRK00638,SHP0129,09-May-2026,In Transit
TRK00639,SHP0129,10-May-2026,At Destination Hub
TRK00640,SHP0129,11-May-2026,Out for Delivery
TRK00641,SHP0129,11-May-2026,Delivered
TRK00642,SHP0130,09-May-2026,Picked Up
TRK00643,SHP0130,10-May-2026,In Transit
TRK00644,SHP0130,11-May-2026,At Destination Hub
TRK00645,SHP0130,12-May-2026,Out for Delivery
TRK00646,SHP0130,12-May-2026,Delivered
TRK00647,SHP0131,10-May-2026,Picked Up
TRK00648,SHP0131,11-May-2026,In Transit
TRK00649,SHP0131,12-May-2026,At Destination Hub
TRK00650,SHP0131,13-May-2026,Out for Delivery
TRK00651,SHP0131,13-May-2026,Delivered
TRK00652,SHP0132,11-May-2026,Picked Up
TRK00653,SHP0132,12-May-2026,In Transit
TRK00654,SHP0132,13-May-2026,At Destination Hub
TRK00655,SHP0132,14-May-2026,Out for Delivery
TRK00656,SHP0132,14-May-2026,Delivered
TRK00657,SHP0133,12-May-2026,Picked Up
TRK00658,SHP0133,13-May-2026,In Transit
TRK00659,SHP0133,14-May-2026,At Destination Hub
TRK00660,SHP0133,15-May-2026,Out for Delivery
TRK00661,SHP0133,15-May-2026,Delivered
TRK00662,SHP0134,13-May-2026,Picked Up
TRK00663,SHP0134,14-May-2026,In Transit
TRK00664,SHP0134,15-May-2026,At Destination Hub
TRK00665,SHP0134,16-May-2026,Out for Delivery
TRK00666,SHP0134,16-May-2026,Delivered
TRK00667,SHP0135,14-May-2026,Picked Up
TRK00668,SHP0135,15-May-2026,In Transit
TRK00669,SHP0135,16-May-2026,At Destination Hub
TRK00670,SHP0135,17-May-2026,Out for Delivery
TRK00671,SHP0135,17-May-2026,Delivered
TRK00672,SHP0136,15-May-2026,Picked Up
TRK00673,SHP0136,16-May-2026,In Transit
TRK00674,SHP0136,17-May-2026,At Destination Hub
TRK00675,SHP0136,18-May-2026,Out for Delivery
TRK00676,SHP0136,18-May-2026,Delivered
TRK00677,SHP0137,16-May-2026,Picked Up
TRK00678,SHP0137,17-May-2026,In Transit
TRK00679,SHP0137,18-May-2026,At Destination Hub
TRK00680,SHP0137,19-May-2026,Out for Delivery
TRK00681,SHP0137,19-May-2026,Delivered
TRK00682,SHP0138,17-May-2026,Picked Up
TRK00683,SHP0138,18-May-2026,In Transit
TRK00684,SHP0138,19-May-2026,At Destination Hub
TRK00685,SHP0138,20-May-2026,Out for Delivery
TRK00686,SHP0138,20-May-2026,Delivered
TRK00687,SHP0139,18-May-2026,Picked Up
TRK00688,SHP0139,19-May-2026,In Transit
TRK00689,SHP0139,20-May-2026,At Destination Hub
TRK00690,SHP0139,21-May-2026,Out for Delivery
TRK00691,SHP0139,21-May-2026,Delivered
TRK00692,SHP0140,19-May-2026,Picked Up
TRK00693,SHP0140,20-May-2026,In Transit
TRK00694,SHP0140,21-May-2026,At Destination Hub
TRK00695,SHP0140,22-May-2026,Out for Delivery
TRK00696,SHP0140,22-May-2026,Delivered
TRK00697,SHP0141,20-May-2026,Picked Up
TRK00698,SHP0141,21-May-2026,In Transit
TRK00699,SHP0141,22-May-2026,At Destination Hub
TRK00700,SHP0141,23-May-2026,Out for Delivery
TRK00701,SHP0141,23-May-2026,Delivered
TRK00702,SHP0142,21-May-2026,Picked Up
TRK00703,SHP0142,22-May-2026,In Transit
TRK00704,SHP0142,23-May-2026,At Destination Hub
TRK00705,SHP0142,24-May-2026,Out for Delivery
TRK00706,SHP0142,24-May-2026,Delivered
TRK00707,SHP0143,22-May-2026,Picked Up
TRK00708,SHP0143,23-May-2026,In Transit
TRK00709,SHP0143,24-May-2026,At Destination Hub
TRK00710,SHP0143,25-May-2026,Out for Delivery
TRK00711,SHP0143,25-May-2026,Delivered
TRK00712,SHP0144,23-May-2026,Picked Up
TRK00713,SHP0144,24-May-2026,In Transit
TRK00714,SHP0144,25-May-2026,At Destination Hub
TRK00715,SHP0144,26-May-2026,Out for Delivery
TRK00716,SHP0144,26-May-2026,Delivered
TRK00717,SHP0145,24-May-2026,Picked Up
TRK00718,SHP0145,25-May-2026,In Transit
TRK00719,SHP0145,26-May-2026,At Destination Hub
TRK00720,SHP0145,27-May-2026,Out for Delivery
TRK00721,SHP0145,27-May-2026,Delivered
TRK00722,SHP0146,25-May-2026,Picked Up
TRK00723,SHP0146,26-May-2026,In Transit
TRK00724,SHP0146,27-May-2026,At Destination Hub
TRK00725,SHP0146,28-May-2026,Out for Delivery
TRK00726,SHP0146,28-May-2026,Delivered
TRK00727,SHP0147,26-May-2026,Picked Up
TRK00728,SHP0147,27-May-2026,In Transit
TRK00729,SHP0147,28-May-2026,At Destination Hub
TRK00730,SHP0147,29-May-2026,Out for Delivery
TRK00731,SHP0147,29-May-2026,Delivered
TRK00732,SHP0148,27-May-2026,Picked Up
TRK00733,SHP0148,28-May-2026,In Transit
TRK00734,SHP0148,29-May-2026,At Destination Hub
TRK00735,SHP0148,30-May-2026,Out for Delivery
TRK00736,SHP0148,30-May-2026,Delivered
TRK00737,SHP0149,28-May-2026,Picked Up
TRK00738,SHP0149,29-May-2026,In Transit
TRK00739,SHP0149,30-May-2026,At Destination Hub
TRK00740,SHP0149,31-May-2026,Out for Delivery
TRK00741,SHP0149,31-May-2026,Delivered
TRK00742,SHP0150,29-May-2026,Picked Up
TRK00743,SHP0150,30-May-2026,In Transit
TRK00744,SHP0150,31-May-2026,At Destination Hub
TRK00745,SHP0150,01-Jun-2026,Out for Delivery
TRK00746,SHP0150,01-Jun-2026,Delivered
TRK00747,SHP0151,30-May-2026,Picked Up
TRK00748,SHP0151,31-May-2026,In Transit
TRK00749,SHP0151,01-Jun-2026,At Destination Hub
TRK00750,SHP0151,02-Jun-2026,Out for Delivery
TRK00751,SHP0151,02-Jun-2026,Delivered
TRK00752,SHP0152,31-May-2026,Picked Up
TRK00753,SHP0152,01-Jun-2026,In Transit
TRK00754,SHP0152,02-Jun-2026,At Destination Hub
TRK00755,SHP0152,03-Jun-2026,Out for Delivery
TRK00756,SHP0152,03-Jun-2026,Delivered
TRK00757,SHP0153,01-Jun-2026,Picked Up
TRK00758,SHP0153,02-Jun-2026,In Transit
TRK00759,SHP0153,03-Jun-2026,At Destination Hub
TRK00760,SHP0153,04-Jun-2026,Out for Delivery
TRK00761,SHP0153,04-Jun-2026,Delivered
TRK00762,SHP0154,02-Jun-2026,Picked Up
TRK00763,SHP0154,03-Jun-2026,In Transit
TRK00764,SHP0154,04-Jun-2026,At Destination Hub
TRK00765,SHP0154,05-Jun-2026,Out for Delivery
TRK00766,SHP0154,05-Jun-2026,Delivered
TRK00767,SHP0155,03-Jun-2026,Picked Up
TRK00768,SHP0155,04-Jun-2026,In Transit
TRK00769,SHP0155,05-Jun-2026,At Destination Hub
TRK00770,SHP0155,06-Jun-2026,Out for Delivery
TRK00771,SHP0155,06-Jun-2026,Delivered
TRK00772,SHP0156,04-Jun-2026,Picked Up
TRK00773,SHP0156,05-Jun-2026,In Transit
TRK00774,SHP0156,06-Jun-2026,At Destination Hub
TRK00775,SHP0156,07-Jun-2026,Out for Delivery
TRK00776,SHP0156,07-Jun-2026,Delivered
TRK00777,SHP0157,05-Jun-2026,Picked Up
TRK00778,SHP0157,06-Jun-2026,In Transit
TRK00779,SHP0157,07-Jun-2026,At Destination Hub
TRK00780,SHP0157,08-Jun-2026,Out for Delivery
TRK00781,SHP0157,08-Jun-2026,Delivered
TRK00782,SHP0158,06-Jun-2026,Picked Up
TRK00783,SHP0158,07-Jun-2026,In Transit
TRK00784,SHP0158,08-Jun-2026,At Destination Hub
TRK00785,SHP0158,09-Jun-2026,Out for Delivery
TRK00786,SHP0158,09-Jun-2026,Delivered
TRK00787,SHP0159,07-Jun-2026,Picked Up
TRK00788,SHP0159,08-Jun-2026,In Transit
TRK00789,SHP0159,09-Jun-2026,At Destination Hub
TRK00790,SHP0159,10-Jun-2026,Out for Delivery
TRK00791,SHP0159,10-Jun-2026,Delivered
TRK00792,SHP0160,08-Jun-2026,Picked Up
TRK00793,SHP0160,09-Jun-2026,In Transit
TRK00794,SHP0160,10-Jun-2026,At Destination Hub
TRK00795,SHP0160,11-Jun-2026,Out for Delivery
TRK00796,SHP0160,11-Jun-2026,Delivered
TRK00797,SHP0161,09-Jun-2026,Picked Up
TRK00798,SHP0161,10-Jun-2026,In Transit
TRK00799,SHP0161,11-Jun-2026,At Destination Hub
TRK00800,SHP0161,12-Jun-2026,Out for Delivery
TRK00801,SHP0161,12-Jun-2026,Delivered
TRK00802,SHP0162,10-Jun-2026,Picked Up
TRK00803,SHP0162,11-Jun-2026,In Transit
TRK00804,SHP0162,12-Jun-2026,At Destination Hub
TRK00805,SHP0162,13-Jun-2026,Out for Delivery
TRK00806,SHP0162,13-Jun-2026,Delivered
TRK00807,SHP0163,11-Jun-2026,Picked Up
TRK00808,SHP0163,12-Jun-2026,In Transit
TRK00809,SHP0163,13-Jun-2026,At Destination Hub
TRK00810,SHP0163,14-Jun-2026,Out for Delivery
TRK00811,SHP0163,14-Jun-2026,Delivered
TRK00812,SHP0164,12-Jun-2026,Picked Up
TRK00813,SHP0164,13-Jun-2026,In Transit
TRK00814,SHP0164,14-Jun-2026,At Destination Hub
TRK00815,SHP0164,15-Jun-2026,Out for Delivery
TRK00816,SHP0164,15-Jun-2026,Delivered
TRK00817,SHP0165,13-Jun-2026,Picked Up
TRK00818,SHP0165,14-Jun-2026,In Transit
TRK00819,SHP0165,15-Jun-2026,At Destination Hub
TRK00820,SHP0165,16-Jun-2026,Out for Delivery
TRK00821,SHP0165,16-Jun-2026,Delivered
TRK00822,SHP0166,14-Jun-2026,Picked Up
TRK00823,SHP0166,15-Jun-2026,In Transit
TRK00824,SHP0166,16-Jun-2026,At Destination Hub
TRK00825,SHP0166,17-Jun-2026,Out for Delivery
TRK00826,SHP0166,17-Jun-2026,Delivered
TRK00827,SHP0167,15-Jun-2026,Picked Up
TRK00828,SHP0167,16-Jun-2026,In Transit
TRK00829,SHP0167,17-Jun-2026,At Destination Hub
TRK00830,SHP0167,18-Jun-2026,Out for Delivery
TRK00831,SHP0167,18-Jun-2026,Delivered
TRK00832,SHP0168,16-Jun-2026,Picked Up
TRK00833,SHP0168,17-Jun-2026,In Transit
TRK00834,SHP0168,18-Jun-2026,At Destination Hub
TRK00835,SHP0168,19-Jun-2026,Out for Delivery
TRK00836,SHP0168,19-Jun-2026,Delivered
TRK00837,SHP0169,17-Jun-2026,Picked Up
TRK00838,SHP0169,18-Jun-2026,In Transit
TRK00839,SHP0169,19-Jun-2026,At Destination Hub
TRK00840,SHP0169,20-Jun-2026,Out for Delivery
TRK00841,SHP0169,20-Jun-2026,Delivered
TRK00842,SHP0170,18-Jun-2026,Picked Up
TRK00843,SHP0170,19-Jun-2026,In Transit
TRK00844,SHP0170,20-Jun-2026,At Destination Hub
TRK00845,SHP0170,21-Jun-2026,Out for Delivery
TRK00846,SHP0170,21-Jun-2026,Delivered
TRK00847,SHP0171,19-Jun-2026,Picked Up
TRK00848,SHP0171,20-Jun-2026,In Transit
TRK00849,SHP0171,21-Jun-2026,At Destination Hub
TRK00850,SHP0171,22-Jun-2026,Out for Delivery
TRK00851,SHP0171,22-Jun-2026,Delivered
TRK00852,SHP0172,20-Jun-2026,Picked Up
TRK00853,SHP0172,21-Jun-2026,In Transit
TRK00854,SHP0172,22-Jun-2026,At Destination Hub
TRK00855,SHP0172,23-Jun-2026,Out for Delivery
TRK00856,SHP0172,23-Jun-2026,Delivered
TRK00857,SHP0173,21-Jun-2026,Picked Up
TRK00858,SHP0173,22-Jun-2026,In Transit
TRK00859,SHP0173,23-Jun-2026,At Destination Hub
TRK00860,SHP0173,24-Jun-2026,Out for Delivery
TRK00861,SHP0173,24-Jun-2026,Delivered
TRK00862,SHP0174,22-Jun-2026,Picked Up
TRK00863,SHP0174,23-Jun-2026,In Transit
TRK00864,SHP0174,24-Jun-2026,At Destination Hub
TRK00865,SHP0174,25-Jun-2026,Out for Delivery
TRK00866,SHP0174,25-Jun-2026,Delivered
TRK00867,SHP0175,23-Jun-2026,Picked Up
TRK00868,SHP0175,24-Jun-2026,In Transit
TRK00869,SHP0175,25-Jun-2026,At Destination Hub
TRK00870,SHP0175,26-Jun-2026,Out for Delivery
TRK00871,SHP0175,26-Jun-2026,Delivered
TRK00872,SHP0176,24-Jun-2026,Picked Up
TRK00873,SHP0176,25-Jun-2026,In Transit
TRK00874,SHP0176,26-Jun-2026,At Destination Hub
TRK00875,SHP0176,27-Jun-2026,Out for Delivery
TRK00876,SHP0176,27-Jun-2026,Delivered
TRK00877,SHP0177,25-Jun-2026,Picked Up
TRK00878,SHP0177,26-Jun-2026,In Transit
TRK00879,SHP0177,27-Jun-2026,At Destination Hub
TRK00880,SHP0177,28-Jun-2026,Out for Delivery
TRK00881,SHP0177,28-Jun-2026,Delivered
TRK00882,SHP0178,26-Jun-2026,Picked Up
TRK00883,SHP0178,27-Jun-2026,In Transit
TRK00884,SHP0178,28-Jun-2026,At Destination Hub
TRK00885,SHP0178,29-Jun-2026,Out for Delivery
TRK00886,SHP0178,29-Jun-2026,Delivered
TRK00887,SHP0179,27-Jun-2026,Picked Up
TRK00888,SHP0179,28-Jun-2026,In Transit
TRK00889,SHP0179,29-Jun-2026,At Destination Hub
TRK00890,SHP0179,30-Jun-2026,Out for Delivery
TRK00891,SHP0179,30-Jun-2026,Delivered
TRK00892,SHP0180,28-Jun-2026,Picked Up
TRK00893,SHP0180,29-Jun-2026,In Transit
TRK00894,SHP0180,30-Jun-2026,At Destination Hub
TRK00895,SHP0180,01-Jul-2026,Out for Delivery
TRK00896,SHP0180,01-Jul-2026,Delivered
TRK00897,SHP0181,29-Jun-2026,Picked Up
TRK00898,SHP0181,30-Jun-2026,In Transit
TRK00899,SHP0181,01-Jul-2026,At Destination Hub
TRK00900,SHP0181,02-Jul-2026,Out for Delivery
TRK00901,SHP0182,30-Jun-2026,Picked Up
TRK00902,SHP0182,01-Jul-2026,In Transit
TRK00903,SHP0182,02-Jul-2026,At Destination Hub
TRK00904,SHP0182,03-Jul-2026,Out for Delivery
TRK00905,SHP0183,01-Jul-2026,Picked Up
TRK00906,SHP0183,02-Jul-2026,In Transit
TRK00907,SHP0183,03-Jul-2026,At Destination Hub
TRK00908,SHP0183,04-Jul-2026,Out for Delivery
TRK00909,SHP0184,02-Jul-2026,Picked Up
TRK00910,SHP0184,03-Jul-2026,In Transit
TRK00911,SHP0184,04-Jul-2026,At Destination Hub
TRK00912,SHP0184,05-Jul-2026,Out for Delivery
TRK00913,SHP0185,02-Apr-2026,Picked Up
TRK00914,SHP0185,03-Apr-2026,In Transit
TRK00915,SHP0185,04-Apr-2026,At Destination Hub
TRK00916,SHP0185,05-Apr-2026,Out for Delivery
TRK00917,SHP0185,05-Apr-2026,Delivered
TRK00918,SHP0186,03-Apr-2026,Picked Up
TRK00919,SHP0186,04-Apr-2026,In Transit
TRK00920,SHP0186,05-Apr-2026,At Destination Hub
TRK00921,SHP0186,06-Apr-2026,Out for Delivery
TRK00922,SHP0186,06-Apr-2026,Delivered
TRK00923,SHP0187,04-Apr-2026,Picked Up
TRK00924,SHP0187,05-Apr-2026,In Transit
TRK00925,SHP0187,06-Apr-2026,At Destination Hub
TRK00926,SHP0187,07-Apr-2026,Out for Delivery
TRK00927,SHP0187,07-Apr-2026,Delivered
TRK00928,SHP0188,05-Apr-2026,Picked Up
TRK00929,SHP0188,06-Apr-2026,In Transit
TRK00930,SHP0188,07-Apr-2026,At Destination Hub
TRK00931,SHP0188,08-Apr-2026,Out for Delivery
TRK00932,SHP0188,08-Apr-2026,Delivered
TRK00933,SHP0189,06-Apr-2026,Picked Up
TRK00934,SHP0189,07-Apr-2026,In Transit
TRK00935,SHP0189,08-Apr-2026,At Destination Hub
TRK00936,SHP0189,09-Apr-2026,Out for Delivery
TRK00937,SHP0189,09-Apr-2026,Delivered
TRK00938,SHP0190,07-Apr-2026,Picked Up
TRK00939,SHP0190,08-Apr-2026,In Transit
TRK00940,SHP0190,09-Apr-2026,At Destination Hub
TRK00941,SHP0190,10-Apr-2026,Out for Delivery
TRK00942,SHP0190,10-Apr-2026,Delivered
TRK00943,SHP0191,08-Apr-2026,Picked Up
TRK00944,SHP0191,09-Apr-2026,In Transit
TRK00945,SHP0191,10-Apr-2026,At Destination Hub
TRK00946,SHP0191,11-Apr-2026,Out for Delivery
TRK00947,SHP0191,11-Apr-2026,Delivered
TRK00948,SHP0192,09-Apr-2026,Picked Up
TRK00949,SHP0192,10-Apr-2026,In Transit
TRK00950,SHP0192,11-Apr-2026,At Destination Hub
TRK00951,SHP0192,12-Apr-2026,Out for Delivery
TRK00952,SHP0192,12-Apr-2026,Delivered
TRK00953,SHP0193,10-Apr-2026,Picked Up
TRK00954,SHP0193,11-Apr-2026,In Transit
TRK00955,SHP0193,12-Apr-2026,At Destination Hub
TRK00956,SHP0193,13-Apr-2026,Out for Delivery
TRK00957,SHP0193,13-Apr-2026,Delivered
TRK00958,SHP0194,11-Apr-2026,Picked Up
TRK00959,SHP0194,12-Apr-2026,In Transit
TRK00960,SHP0194,13-Apr-2026,At Destination Hub
TRK00961,SHP0194,14-Apr-2026,Out for Delivery
TRK00962,SHP0194,14-Apr-2026,Delivered
TRK00963,SHP0195,12-Apr-2026,Picked Up
TRK00964,SHP0195,13-Apr-2026,In Transit
TRK00965,SHP0195,14-Apr-2026,At Destination Hub
TRK00966,SHP0195,15-Apr-2026,Out for Delivery
TRK00967,SHP0195,15-Apr-2026,Delivered
TRK00968,SHP0196,13-Apr-2026,Picked Up
TRK00969,SHP0196,14-Apr-2026,In Transit
TRK00970,SHP0196,15-Apr-2026,At Destination Hub
TRK00971,SHP0196,16-Apr-2026,Out for Delivery
TRK00972,SHP0196,16-Apr-2026,Delivered
TRK00973,SHP0197,14-Apr-2026,Picked Up
TRK00974,SHP0197,15-Apr-2026,In Transit
TRK00975,SHP0197,16-Apr-2026,At Destination Hub
TRK00976,SHP0197,17-Apr-2026,Out for Delivery
TRK00977,SHP0197,17-Apr-2026,Delivered
TRK00978,SHP0198,15-Apr-2026,Picked Up
TRK00979,SHP0198,16-Apr-2026,In Transit
TRK00980,SHP0198,17-Apr-2026,At Destination Hub
TRK00981,SHP0198,18-Apr-2026,Out for Delivery
TRK00982,SHP0198,18-Apr-2026,Delivered
TRK00983,SHP0199,16-Apr-2026,Picked Up
TRK00984,SHP0199,17-Apr-2026,In Transit
TRK00985,SHP0199,18-Apr-2026,At Destination Hub
TRK00986,SHP0199,19-Apr-2026,Out for Delivery
TRK00987,SHP0199,19-Apr-2026,Delivered
TRK00988,SHP0200,17-Apr-2026,Picked Up
TRK00989,SHP0200,18-Apr-2026,In Transit
TRK00990,SHP0200,19-Apr-2026,At Destination Hub
TRK00991,SHP0200,20-Apr-2026,Out for Delivery
TRK00992,SHP0200,20-Apr-2026,Delivered
TRK00993,SHP0201,18-Apr-2026,Picked Up
TRK00994,SHP0201,19-Apr-2026,In Transit
TRK00995,SHP0201,20-Apr-2026,At Destination Hub
TRK00996,SHP0201,21-Apr-2026,Out for Delivery
TRK00997,SHP0201,21-Apr-2026,Delivered
TRK00998,SHP0202,19-Apr-2026,Picked Up
TRK00999,SHP0202,20-Apr-2026,In Transit
TRK01000,SHP0202,21-Apr-2026,At Destination Hub
TRK01001,SHP0202,22-Apr-2026,Out for Delivery
TRK01002,SHP0202,22-Apr-2026,Delivered
TRK01003,SHP0203,20-Apr-2026,Picked Up
TRK01004,SHP0203,21-Apr-2026,In Transit
TRK01005,SHP0203,22-Apr-2026,At Destination Hub
TRK01006,SHP0203,23-Apr-2026,Out for Delivery
TRK01007,SHP0203,23-Apr-2026,Delivered
TRK01008,SHP0204,21-Apr-2026,Picked Up
TRK01009,SHP0204,22-Apr-2026,In Transit
TRK01010,SHP0204,23-Apr-2026,At Destination Hub
TRK01011,SHP0204,24-Apr-2026,Out for Delivery
TRK01012,SHP0204,24-Apr-2026,Delivered
TRK01013,SHP0205,22-Apr-2026,Picked Up
TRK01014,SHP0205,23-Apr-2026,In Transit
TRK01015,SHP0205,24-Apr-2026,At Destination Hub
TRK01016,SHP0205,25-Apr-2026,Out for Delivery
TRK01017,SHP0205,25-Apr-2026,Delivered
TRK01018,SHP0206,23-Apr-2026,Picked Up
TRK01019,SHP0206,24-Apr-2026,In Transit
TRK01020,SHP0206,25-Apr-2026,At Destination Hub
TRK01021,SHP0206,26-Apr-2026,Out for Delivery
TRK01022,SHP0206,26-Apr-2026,Delivered
TRK01023,SHP0207,24-Apr-2026,Picked Up
TRK01024,SHP0207,25-Apr-2026,In Transit
TRK01025,SHP0207,26-Apr-2026,At Destination Hub
TRK01026,SHP0207,27-Apr-2026,Out for Delivery
TRK01027,SHP0207,27-Apr-2026,Delivered
TRK01028,SHP0208,25-Apr-2026,Picked Up
TRK01029,SHP0208,26-Apr-2026,In Transit
TRK01030,SHP0208,27-Apr-2026,At Destination Hub
TRK01031,SHP0208,28-Apr-2026,Out for Delivery
TRK01032,SHP0208,28-Apr-2026,Delivered
TRK01033,SHP0209,26-Apr-2026,Picked Up
TRK01034,SHP0209,27-Apr-2026,In Transit
TRK01035,SHP0209,28-Apr-2026,At Destination Hub
TRK01036,SHP0209,29-Apr-2026,Out for Delivery
TRK01037,SHP0209,29-Apr-2026,Delivered
TRK01038,SHP0210,27-Apr-2026,Picked Up
TRK01039,SHP0210,28-Apr-2026,In Transit
TRK01040,SHP0210,29-Apr-2026,At Destination Hub
TRK01041,SHP0210,30-Apr-2026,Out for Delivery
TRK01042,SHP0210,30-Apr-2026,Delivered
TRK01043,SHP0211,28-Apr-2026,Picked Up
TRK01044,SHP0211,29-Apr-2026,In Transit
TRK01045,SHP0211,30-Apr-2026,At Destination Hub
TRK01046,SHP0211,01-May-2026,Out for Delivery
TRK01047,SHP0211,01-May-2026,Delivered
TRK01048,SHP0212,29-Apr-2026,Picked Up
TRK01049,SHP0212,30-Apr-2026,In Transit
TRK01050,SHP0212,01-May-2026,At Destination Hub
TRK01051,SHP0212,02-May-2026,Out for Delivery
TRK01052,SHP0212,02-May-2026,Delivered
TRK01053,SHP0213,30-Apr-2026,Picked Up
TRK01054,SHP0213,01-May-2026,In Transit
TRK01055,SHP0213,02-May-2026,At Destination Hub
TRK01056,SHP0213,03-May-2026,Out for Delivery
TRK01057,SHP0213,03-May-2026,Delivered
TRK01058,SHP0214,01-May-2026,Picked Up
TRK01059,SHP0214,02-May-2026,In Transit
TRK01060,SHP0214,03-May-2026,At Destination Hub
TRK01061,SHP0214,04-May-2026,Out for Delivery
TRK01062,SHP0214,04-May-2026,Delivered
TRK01063,SHP0215,02-May-2026,Picked Up
TRK01064,SHP0215,03-May-2026,In Transit
TRK01065,SHP0215,04-May-2026,At Destination Hub
TRK01066,SHP0215,05-May-2026,Out for Delivery
TRK01067,SHP0215,05-May-2026,Delivered
TRK01068,SHP0216,03-May-2026,Picked Up
TRK01069,SHP0216,04-May-2026,In Transit
TRK01070,SHP0216,05-May-2026,At Destination Hub
TRK01071,SHP0216,06-May-2026,Out for Delivery
TRK01072,SHP0216,06-May-2026,Delivered
TRK01073,SHP0217,04-May-2026,Picked Up
TRK01074,SHP0217,05-May-2026,In Transit
TRK01075,SHP0217,06-May-2026,At Destination Hub
TRK01076,SHP0217,07-May-2026,Out for Delivery
TRK01077,SHP0217,07-May-2026,Delivered
TRK01078,SHP0218,05-May-2026,Picked Up
TRK01079,SHP0218,06-May-2026,In Transit
TRK01080,SHP0218,07-May-2026,At Destination Hub
TRK01081,SHP0218,08-May-2026,Out for Delivery
TRK01082,SHP0218,08-May-2026,Delivered
TRK01083,SHP0219,06-May-2026,Picked Up
TRK01084,SHP0219,07-May-2026,In Transit
TRK01085,SHP0219,08-May-2026,At Destination Hub
TRK01086,SHP0219,09-May-2026,Out for Delivery
TRK01087,SHP0219,09-May-2026,Delivered
TRK01088,SHP0220,07-May-2026,Picked Up
TRK01089,SHP0220,08-May-2026,In Transit
TRK01090,SHP0220,09-May-2026,At Destination Hub
TRK01091,SHP0220,10-May-2026,Out for Delivery
TRK01092,SHP0220,10-May-2026,Delivered
TRK01093,SHP0221,08-May-2026,Picked Up
TRK01094,SHP0221,09-May-2026,In Transit
TRK01095,SHP0221,10-May-2026,At Destination Hub
TRK01096,SHP0221,11-May-2026,Out for Delivery
TRK01097,SHP0221,11-May-2026,Delivered
TRK01098,SHP0222,09-May-2026,Picked Up
TRK01099,SHP0222,10-May-2026,In Transit
TRK01100,SHP0222,11-May-2026,At Destination Hub
TRK01101,SHP0222,12-May-2026,Out for Delivery
TRK01102,SHP0222,12-May-2026,Delivered
TRK01103,SHP0223,10-May-2026,Picked Up
TRK01104,SHP0223,11-May-2026,In Transit
TRK01105,SHP0223,12-May-2026,At Destination Hub
TRK01106,SHP0223,13-May-2026,Out for Delivery
TRK01107,SHP0223,13-May-2026,Delivered
TRK01108,SHP0224,11-May-2026,Picked Up
TRK01109,SHP0224,12-May-2026,In Transit
TRK01110,SHP0224,13-May-2026,At Destination Hub
TRK01111,SHP0224,14-May-2026,Out for Delivery
TRK01112,SHP0224,14-May-2026,Delivered
TRK01113,SHP0225,12-May-2026,Picked Up
TRK01114,SHP0225,13-May-2026,In Transit
TRK01115,SHP0225,14-May-2026,At Destination Hub
TRK01116,SHP0225,15-May-2026,Out for Delivery
TRK01117,SHP0225,15-May-2026,Delivered
TRK01118,SHP0226,13-May-2026,Picked Up
TRK01119,SHP0226,14-May-2026,In Transit
TRK01120,SHP0226,15-May-2026,At Destination Hub
TRK01121,SHP0226,16-May-2026,Out for Delivery
TRK01122,SHP0226,16-May-2026,Delivered
TRK01123,SHP0227,14-May-2026,Picked Up
TRK01124,SHP0227,15-May-2026,In Transit
TRK01125,SHP0227,16-May-2026,At Destination Hub
TRK01126,SHP0227,17-May-2026,Out for Delivery
TRK01127,SHP0227,17-May-2026,Delivered
TRK01128,SHP0228,15-May-2026,Picked Up
TRK01129,SHP0228,16-May-2026,In Transit
TRK01130,SHP0228,17-May-2026,At Destination Hub
TRK01131,SHP0228,18-May-2026,Out for Delivery
TRK01132,SHP0228,18-May-2026,Delivered
TRK01133,SHP0229,16-May-2026,Picked Up
TRK01134,SHP0229,17-May-2026,In Transit
TRK01135,SHP0229,18-May-2026,At Destination Hub
TRK01136,SHP0229,19-May-2026,Out for Delivery
TRK01137,SHP0229,19-May-2026,Delivered
TRK01138,SHP0230,17-May-2026,Picked Up
TRK01139,SHP0230,18-May-2026,In Transit
TRK01140,SHP0230,19-May-2026,At Destination Hub
TRK01141,SHP0230,20-May-2026,Out for Delivery
TRK01142,SHP0230,20-May-2026,Delivered
TRK01143,SHP0231,18-May-2026,Picked Up
TRK01144,SHP0231,19-May-2026,In Transit
TRK01145,SHP0231,20-May-2026,At Destination Hub
TRK01146,SHP0231,21-May-2026,Out for Delivery
TRK01147,SHP0231,21-May-2026,Delivered
TRK01148,SHP0232,19-May-2026,Picked Up
TRK01149,SHP0232,20-May-2026,In Transit
TRK01150,SHP0232,21-May-2026,At Destination Hub
TRK01151,SHP0232,22-May-2026,Out for Delivery
TRK01152,SHP0232,22-May-2026,Delivered
TRK01153,SHP0233,20-May-2026,Picked Up
TRK01154,SHP0233,21-May-2026,In Transit
TRK01155,SHP0233,22-May-2026,At Destination Hub
TRK01156,SHP0233,23-May-2026,Out for Delivery
TRK01157,SHP0233,23-May-2026,Delivered
TRK01158,SHP0234,21-May-2026,Picked Up
TRK01159,SHP0234,22-May-2026,In Transit
TRK01160,SHP0234,23-May-2026,At Destination Hub
TRK01161,SHP0234,24-May-2026,Out for Delivery
TRK01162,SHP0234,24-May-2026,Delivered
TRK01163,SHP0235,22-May-2026,Picked Up
TRK01164,SHP0235,23-May-2026,In Transit
TRK01165,SHP0235,24-May-2026,At Destination Hub
TRK01166,SHP0235,25-May-2026,Out for Delivery
TRK01167,SHP0235,25-May-2026,Delivered
TRK01168,SHP0236,23-May-2026,Picked Up
TRK01169,SHP0236,24-May-2026,In Transit
TRK01170,SHP0236,25-May-2026,At Destination Hub
TRK01171,SHP0236,26-May-2026,Out for Delivery
TRK01172,SHP0236,26-May-2026,Delivered
TRK01173,SHP0237,24-May-2026,Picked Up
TRK01174,SHP0237,25-May-2026,In Transit
TRK01175,SHP0237,26-May-2026,At Destination Hub
TRK01176,SHP0237,27-May-2026,Out for Delivery
TRK01177,SHP0237,27-May-2026,Delivered
TRK01178,SHP0238,25-May-2026,Picked Up
TRK01179,SHP0238,26-May-2026,In Transit
TRK01180,SHP0238,27-May-2026,At Destination Hub
TRK01181,SHP0238,28-May-2026,Out for Delivery
TRK01182,SHP0238,28-May-2026,Delivered
TRK01183,SHP0239,26-May-2026,Picked Up
TRK01184,SHP0239,27-May-2026,In Transit
TRK01185,SHP0239,28-May-2026,At Destination Hub
TRK01186,SHP0239,29-May-2026,Out for Delivery
TRK01187,SHP0239,29-May-2026,Delivered
TRK01188,SHP0240,27-May-2026,Picked Up
TRK01189,SHP0240,28-May-2026,In Transit
TRK01190,SHP0240,29-May-2026,At Destination Hub
TRK01191,SHP0240,30-May-2026,Out for Delivery
TRK01192,SHP0240,30-May-2026,Delivered
TRK01193,SHP0241,28-May-2026,Picked Up
TRK01194,SHP0241,29-May-2026,In Transit
TRK01195,SHP0241,30-May-2026,At Destination Hub
TRK01196,SHP0241,31-May-2026,Out for Delivery
TRK01197,SHP0241,31-May-2026,Delivered
TRK01198,SHP0242,29-May-2026,Picked Up
TRK01199,SHP0242,30-May-2026,In Transit
TRK01200,SHP0242,31-May-2026,At Destination Hub
TRK01201,SHP0242,01-Jun-2026,Out for Delivery
TRK01202,SHP0242,01-Jun-2026,Delivered
TRK01203,SHP0243,30-May-2026,Picked Up
TRK01204,SHP0243,31-May-2026,In Transit
TRK01205,SHP0243,01-Jun-2026,At Destination Hub
TRK01206,SHP0243,02-Jun-2026,Out for Delivery
TRK01207,SHP0243,02-Jun-2026,Delivered
TRK01208,SHP0244,31-May-2026,Picked Up
TRK01209,SHP0244,01-Jun-2026,In Transit
TRK01210,SHP0244,02-Jun-2026,At Destination Hub
TRK01211,SHP0244,03-Jun-2026,Out for Delivery
TRK01212,SHP0244,03-Jun-2026,Delivered
TRK01213,SHP0245,01-Jun-2026,Picked Up
TRK01214,SHP0245,02-Jun-2026,In Transit
TRK01215,SHP0245,03-Jun-2026,At Destination Hub
TRK01216,SHP0245,04-Jun-2026,Out for Delivery
TRK01217,SHP0245,04-Jun-2026,Delivered
TRK01218,SHP0246,02-Jun-2026,Picked Up
TRK01219,SHP0246,03-Jun-2026,In Transit
TRK01220,SHP0246,04-Jun-2026,At Destination Hub
TRK01221,SHP0246,05-Jun-2026,Out for Delivery
TRK01222,SHP0246,05-Jun-2026,Delivered
TRK01223,SHP0247,03-Jun-2026,Picked Up
TRK01224,SHP0247,04-Jun-2026,In Transit
TRK01225,SHP0247,05-Jun-2026,At Destination Hub
TRK01226,SHP0247,06-Jun-2026,Out for Delivery
TRK01227,SHP0247,06-Jun-2026,Delivered
TRK01228,SHP0248,04-Jun-2026,Picked Up
TRK01229,SHP0248,05-Jun-2026,In Transit
TRK01230,SHP0248,06-Jun-2026,At Destination Hub
TRK01231,SHP0248,07-Jun-2026,Out for Delivery
TRK01232,SHP0248,07-Jun-2026,Delivered
TRK01233,SHP0249,05-Jun-2026,Picked Up
TRK01234,SHP0249,06-Jun-2026,In Transit
TRK01235,SHP0249,07-Jun-2026,At Destination Hub
TRK01236,SHP0249,08-Jun-2026,Out for Delivery
TRK01237,SHP0249,08-Jun-2026,Delivered
TRK01238,SHP0250,06-Jun-2026,Picked Up
TRK01239,SHP0250,07-Jun-2026,In Transit
TRK01240,SHP0250,08-Jun-2026,At Destination Hub
TRK01241,SHP0250,09-Jun-2026,Out for Delivery
TRK01242,SHP0250,09-Jun-2026,Delivered
TRK01243,SHP0251,07-Jun-2026,Picked Up
TRK01244,SHP0251,08-Jun-2026,In Transit
TRK01245,SHP0251,09-Jun-2026,At Destination Hub
TRK01246,SHP0251,10-Jun-2026,Out for Delivery
TRK01247,SHP0251,10-Jun-2026,Delivered
TRK01248,SHP0252,08-Jun-2026,Picked Up
TRK01249,SHP0252,09-Jun-2026,In Transit
TRK01250,SHP0252,10-Jun-2026,At Destination Hub
TRK01251,SHP0252,11-Jun-2026,Out for Delivery
TRK01252,SHP0252,11-Jun-2026,Delivered
TRK01253,SHP0253,09-Jun-2026,Picked Up
TRK01254,SHP0253,10-Jun-2026,In Transit
TRK01255,SHP0253,11-Jun-2026,At Destination Hub
TRK01256,SHP0253,12-Jun-2026,Out for Delivery
TRK01257,SHP0253,12-Jun-2026,Delivered
TRK01258,SHP0254,10-Jun-2026,Picked Up
TRK01259,SHP0254,11-Jun-2026,In Transit
TRK01260,SHP0254,12-Jun-2026,At Destination Hub
TRK01261,SHP0254,13-Jun-2026,Out for Delivery
TRK01262,SHP0254,13-Jun-2026,Delivered
TRK01263,SHP0255,11-Jun-2026,Picked Up
TRK01264,SHP0255,12-Jun-2026,In Transit
TRK01265,SHP0255,13-Jun-2026,At Destination Hub
TRK01266,SHP0255,14-Jun-2026,Out for Delivery
TRK01267,SHP0255,14-Jun-2026,Delivered
TRK01268,SHP0256,12-Jun-2026,Picked Up
TRK01269,SHP0256,13-Jun-2026,In Transit
TRK01270,SHP0256,14-Jun-2026,At Destination Hub
TRK01271,SHP0256,15-Jun-2026,Out for Delivery
TRK01272,SHP0256,15-Jun-2026,Delivered
TRK01273,SHP0257,13-Jun-2026,Picked Up
TRK01274,SHP0257,14-Jun-2026,In Transit
TRK01275,SHP0257,15-Jun-2026,At Destination Hub
TRK01276,SHP0257,16-Jun-2026,Out for Delivery
TRK01277,SHP0257,16-Jun-2026,Delivered
TRK01278,SHP0258,14-Jun-2026,Picked Up
TRK01279,SHP0258,15-Jun-2026,In Transit
TRK01280,SHP0258,16-Jun-2026,At Destination Hub
TRK01281,SHP0258,17-Jun-2026,Out for Delivery
TRK01282,SHP0258,17-Jun-2026,Delivered
TRK01283,SHP0259,15-Jun-2026,Picked Up
TRK01284,SHP0259,16-Jun-2026,In Transit
TRK01285,SHP0259,17-Jun-2026,At Destination Hub
TRK01286,SHP0259,18-Jun-2026,Out for Delivery
TRK01287,SHP0259,18-Jun-2026,Delivered
TRK01288,SHP0260,16-Jun-2026,Picked Up
TRK01289,SHP0260,17-Jun-2026,In Transit
TRK01290,SHP0260,18-Jun-2026,At Destination Hub
TRK01291,SHP0260,19-Jun-2026,Out for Delivery
TRK01292,SHP0260,19-Jun-2026,Delivered
TRK01293,SHP0261,17-Jun-2026,Picked Up
TRK01294,SHP0261,18-Jun-2026,In Transit
TRK01295,SHP0261,19-Jun-2026,At Destination Hub
TRK01296,SHP0261,20-Jun-2026,Out for Delivery
TRK01297,SHP0261,20-Jun-2026,Delivered
TRK01298,SHP0262,18-Jun-2026,Picked Up
TRK01299,SHP0262,19-Jun-2026,In Transit
TRK01300,SHP0262,20-Jun-2026,At Destination Hub
TRK01301,SHP0262,21-Jun-2026,Out for Delivery
TRK01302,SHP0262,21-Jun-2026,Delivered
TRK01303,SHP0263,19-Jun-2026,Picked Up
TRK01304,SHP0263,20-Jun-2026,In Transit
TRK01305,SHP0263,21-Jun-2026,At Destination Hub
TRK01306,SHP0263,22-Jun-2026,Out for Delivery
TRK01307,SHP0263,22-Jun-2026,Delivered
TRK01308,SHP0264,20-Jun-2026,Picked Up
TRK01309,SHP0264,21-Jun-2026,In Transit
TRK01310,SHP0264,22-Jun-2026,At Destination Hub
TRK01311,SHP0264,23-Jun-2026,Out for Delivery
TRK01312,SHP0264,23-Jun-2026,Delivered
TRK01313,SHP0265,21-Jun-2026,Picked Up
TRK01314,SHP0265,22-Jun-2026,In Transit
TRK01315,SHP0265,23-Jun-2026,At Destination Hub
TRK01316,SHP0265,24-Jun-2026,Out for Delivery
TRK01317,SHP0265,24-Jun-2026,Delivered
TRK01318,SHP0266,22-Jun-2026,Picked Up
TRK01319,SHP0266,23-Jun-2026,In Transit
TRK01320,SHP0266,24-Jun-2026,At Destination Hub
TRK01321,SHP0266,25-Jun-2026,Out for Delivery
TRK01322,SHP0266,25-Jun-2026,Delivered
TRK01323,SHP0267,23-Jun-2026,Picked Up
TRK01324,SHP0267,24-Jun-2026,In Transit
TRK01325,SHP0267,25-Jun-2026,At Destination Hub
TRK01326,SHP0267,26-Jun-2026,Out for Delivery
TRK01327,SHP0267,26-Jun-2026,Delivered
TRK01328,SHP0268,24-Jun-2026,Picked Up
TRK01329,SHP0268,25-Jun-2026,In Transit
TRK01330,SHP0268,26-Jun-2026,At Destination Hub
TRK01331,SHP0268,27-Jun-2026,Out for Delivery
TRK01332,SHP0268,27-Jun-2026,Delivered
TRK01333,SHP0269,25-Jun-2026,Picked Up
TRK01334,SHP0269,26-Jun-2026,In Transit
TRK01335,SHP0269,27-Jun-2026,At Destination Hub
TRK01336,SHP0269,28-Jun-2026,Out for Delivery
TRK01337,SHP0269,28-Jun-2026,Delivered
TRK01338,SHP0270,26-Jun-2026,Picked Up
TRK01339,SHP0270,27-Jun-2026,In Transit
TRK01340,SHP0270,28-Jun-2026,At Destination Hub
TRK01341,SHP0270,29-Jun-2026,Out for Delivery
TRK01342,SHP0270,29-Jun-2026,Delivered
TRK01343,SHP0271,27-Jun-2026,Picked Up
TRK01344,SHP0271,28-Jun-2026,In Transit
TRK01345,SHP0271,29-Jun-2026,At Destination Hub
TRK01346,SHP0271,30-Jun-2026,Out for Delivery
TRK01347,SHP0271,30-Jun-2026,Delivered
TRK01348,SHP0272,28-Jun-2026,Picked Up
TRK01349,SHP0272,29-Jun-2026,In Transit
TRK01350,SHP0272,30-Jun-2026,At Destination Hub
TRK01351,SHP0272,01-Jul-2026,Out for Delivery
TRK01352,SHP0272,01-Jul-2026,Delivered
TRK01353,SHP0273,29-Jun-2026,Picked Up
TRK01354,SHP0273,30-Jun-2026,In Transit
TRK01355,SHP0273,01-Jul-2026,At Destination Hub
TRK01356,SHP0273,02-Jul-2026,Out for Delivery
TRK01357,SHP0274,30-Jun-2026,Picked Up
TRK01358,SHP0274,01-Jul-2026,In Transit
TRK01359,SHP0274,02-Jul-2026,At Destination Hub
TRK01360,SHP0274,03-Jul-2026,Out for Delivery
TRK01361,SHP0275,01-Jul-2026,Picked Up
TRK01362,SHP0275,02-Jul-2026,In Transit
TRK01363,SHP0275,03-Jul-2026,At Destination Hub
TRK01364,SHP0275,04-Jul-2026,Out for Delivery
TRK01365,SHP0276,02-Jul-2026,Picked Up
TRK01366,SHP0276,03-Jul-2026,In Transit
TRK01367,SHP0276,04-Jul-2026,At Destination Hub
TRK01368,SHP0276,05-Jul-2026,Out for Delivery
TRK01369,SHP0277,02-Apr-2026,Picked Up
TRK01370,SHP0277,03-Apr-2026,In Transit
TRK01371,SHP0277,04-Apr-2026,At Destination Hub
TRK01372,SHP0277,05-Apr-2026,Out for Delivery
TRK01373,SHP0277,05-Apr-2026,Delivered
TRK01374,SHP0278,03-Apr-2026,Picked Up
TRK01375,SHP0278,04-Apr-2026,In Transit
TRK01376,SHP0278,05-Apr-2026,At Destination Hub
TRK01377,SHP0278,06-Apr-2026,Out for Delivery
TRK01378,SHP0278,06-Apr-2026,Delivered
TRK01379,SHP0279,04-Apr-2026,Picked Up
TRK01380,SHP0279,05-Apr-2026,In Transit
TRK01381,SHP0279,06-Apr-2026,At Destination Hub
TRK01382,SHP0279,07-Apr-2026,Out for Delivery
TRK01383,SHP0279,07-Apr-2026,Delivered
TRK01384,SHP0280,05-Apr-2026,Picked Up
TRK01385,SHP0280,06-Apr-2026,In Transit
TRK01386,SHP0280,07-Apr-2026,At Destination Hub
TRK01387,SHP0280,08-Apr-2026,Out for Delivery
TRK01388,SHP0280,08-Apr-2026,Delivered
TRK01389,SHP0281,06-Apr-2026,Picked Up
TRK01390,SHP0281,07-Apr-2026,In Transit
TRK01391,SHP0281,08-Apr-2026,At Destination Hub
TRK01392,SHP0281,09-Apr-2026,Out for Delivery
TRK01393,SHP0281,09-Apr-2026,Delivered
TRK01394,SHP0282,07-Apr-2026,Picked Up
TRK01395,SHP0282,08-Apr-2026,In Transit
TRK01396,SHP0282,09-Apr-2026,At Destination Hub
TRK01397,SHP0282,10-Apr-2026,Out for Delivery
TRK01398,SHP0282,10-Apr-2026,Delivered
TRK01399,SHP0283,08-Apr-2026,Picked Up
TRK01400,SHP0283,09-Apr-2026,In Transit
TRK01401,SHP0283,10-Apr-2026,At Destination Hub
TRK01402,SHP0283,11-Apr-2026,Out for Delivery
TRK01403,SHP0283,11-Apr-2026,Delivered
TRK01404,SHP0284,09-Apr-2026,Picked Up
TRK01405,SHP0284,10-Apr-2026,In Transit
TRK01406,SHP0284,11-Apr-2026,At Destination Hub
TRK01407,SHP0284,12-Apr-2026,Out for Delivery
TRK01408,SHP0284,12-Apr-2026,Delivered
TRK01409,SHP0285,10-Apr-2026,Picked Up
TRK01410,SHP0285,11-Apr-2026,In Transit
TRK01411,SHP0285,12-Apr-2026,At Destination Hub
TRK01412,SHP0285,13-Apr-2026,Out for Delivery
TRK01413,SHP0285,13-Apr-2026,Delivered
TRK01414,SHP0286,11-Apr-2026,Picked Up
TRK01415,SHP0286,12-Apr-2026,In Transit
TRK01416,SHP0286,13-Apr-2026,At Destination Hub
TRK01417,SHP0286,14-Apr-2026,Out for Delivery
TRK01418,SHP0286,14-Apr-2026,Delivered
TRK01419,SHP0287,12-Apr-2026,Picked Up
TRK01420,SHP0287,13-Apr-2026,In Transit
TRK01421,SHP0287,14-Apr-2026,At Destination Hub
TRK01422,SHP0287,15-Apr-2026,Out for Delivery
TRK01423,SHP0287,15-Apr-2026,Delivered
TRK01424,SHP0288,13-Apr-2026,Picked Up
TRK01425,SHP0288,14-Apr-2026,In Transit
TRK01426,SHP0288,15-Apr-2026,At Destination Hub
TRK01427,SHP0288,16-Apr-2026,Out for Delivery
TRK01428,SHP0288,16-Apr-2026,Delivered
TRK01429,SHP0289,14-Apr-2026,Picked Up
TRK01430,SHP0289,15-Apr-2026,In Transit
TRK01431,SHP0289,16-Apr-2026,At Destination Hub
TRK01432,SHP0289,17-Apr-2026,Out for Delivery
TRK01433,SHP0289,17-Apr-2026,Delivered
TRK01434,SHP0290,15-Apr-2026,Picked Up
TRK01435,SHP0290,16-Apr-2026,In Transit
TRK01436,SHP0290,17-Apr-2026,At Destination Hub
TRK01437,SHP0290,18-Apr-2026,Out for Delivery
TRK01438,SHP0290,18-Apr-2026,Delivered
TRK01439,SHP0291,16-Apr-2026,Picked Up
TRK01440,SHP0291,17-Apr-2026,In Transit
TRK01441,SHP0291,18-Apr-2026,At Destination Hub
TRK01442,SHP0291,19-Apr-2026,Out for Delivery
TRK01443,SHP0291,19-Apr-2026,Delivered
TRK01444,SHP0292,17-Apr-2026,Picked Up
TRK01445,SHP0292,18-Apr-2026,In Transit
TRK01446,SHP0292,19-Apr-2026,At Destination Hub
TRK01447,SHP0292,20-Apr-2026,Out for Delivery
TRK01448,SHP0292,20-Apr-2026,Delivered
TRK01449,SHP0293,18-Apr-2026,Picked Up
TRK01450,SHP0293,19-Apr-2026,In Transit
TRK01451,SHP0293,20-Apr-2026,At Destination Hub
TRK01452,SHP0293,21-Apr-2026,Out for Delivery
TRK01453,SHP0293,21-Apr-2026,Delivered
TRK01454,SHP0294,19-Apr-2026,Picked Up
TRK01455,SHP0294,20-Apr-2026,In Transit
TRK01456,SHP0294,21-Apr-2026,At Destination Hub
TRK01457,SHP0294,22-Apr-2026,Out for Delivery
TRK01458,SHP0294,22-Apr-2026,Delivered
TRK01459,SHP0295,20-Apr-2026,Picked Up
TRK01460,SHP0295,21-Apr-2026,In Transit
TRK01461,SHP0295,22-Apr-2026,At Destination Hub
TRK01462,SHP0295,23-Apr-2026,Out for Delivery
TRK01463,SHP0295,23-Apr-2026,Delivered
TRK01464,SHP0296,21-Apr-2026,Picked Up
TRK01465,SHP0296,22-Apr-2026,In Transit
TRK01466,SHP0296,23-Apr-2026,At Destination Hub
TRK01467,SHP0296,24-Apr-2026,Out for Delivery
TRK01468,SHP0296,24-Apr-2026,Delivered
TRK01469,SHP0297,22-Apr-2026,Picked Up
TRK01470,SHP0297,23-Apr-2026,In Transit
TRK01471,SHP0297,24-Apr-2026,At Destination Hub
TRK01472,SHP0297,25-Apr-2026,Out for Delivery
TRK01473,SHP0297,25-Apr-2026,Delivered
TRK01474,SHP0298,23-Apr-2026,Picked Up
TRK01475,SHP0298,24-Apr-2026,In Transit
TRK01476,SHP0298,25-Apr-2026,At Destination Hub
TRK01477,SHP0298,26-Apr-2026,Out for Delivery
TRK01478,SHP0298,26-Apr-2026,Delivered
TRK01479,SHP0299,24-Apr-2026,Picked Up
TRK01480,SHP0299,25-Apr-2026,In Transit
TRK01481,SHP0299,26-Apr-2026,At Destination Hub
TRK01482,SHP0299,27-Apr-2026,Out for Delivery
TRK01483,SHP0299,27-Apr-2026,Delivered
TRK01484,SHP0300,25-Apr-2026,Picked Up
TRK01485,SHP0300,26-Apr-2026,In Transit
TRK01486,SHP0300,27-Apr-2026,At Destination Hub
TRK01487,SHP0300,28-Apr-2026,Out for Delivery
TRK01488,SHP0300,28-Apr-2026,Delivered
